Latitude,Longitude
12.966832,77.573806
12.931698,77.577067
12.925371,77.585133
12.990032,77.567544
12.985009,77.638298
12.98147,77.583368
12.977144,77.594353
12.980861,77.603448
12.981881,77.646979
12.936975,77.627901
12.967949,77.650191
13.00286,77.600241
12.995069,77.58486
12.941093,77.57194
12.923049,77.5715
12.997242,77.580445
12.962157,77.568971
12.978721,77.583485
12.941386,77.592577
12.974323,77.591565
12.985443,77.582183
12.964915,77.570408
12.958434,77.645653
12.987904,77.554494
12.998574,77.568687
13.017788,77.542523
13.005783,77.572195
13.004416,77.60794
12.977394,77.631316
12.947065,77.584272
12.954598,77.565115
12.960097,77.591083
12.981378,77.63487
12.969462,77.630771
13.026017,77.584858
12.98883,77.651997
12.95988,77.56372
12.959357,77.631082
12.996183,77.639959
12.989865,77.574242
12.994834,77.56081
12.973144,77.564539
12.986566,77.625566
12.992455,77.554924
12.982594,77.640082
12.949912,77.640435
12.990624,77.649959
12.968074,77.594101
12.913769,77.606183
12.98793,77.549167
12.992908,77.532827
13.005275,77.591717
12.965303,77.569507
12.994583,77.567762
12.984427,77.666222
12.997741,77.558835
12.98391,77.579967
12.968675,77.566346
12.993256,77.65384
12.969585,77.632776
12.995519,77.576555
12.912519,77.566381
12.993125,77.55532
12.993725,77.577666
12.959899,77.548246
12.973162,77.577365
12.970311,77.573834
13.017388,77.658571
12.954321,77.650439
12.961835,77.575945
12.960955,77.584788
12.939315,77.546219
12.97111,77.580847
12.965845,77.585046
12.960006,77.576673
12.96996,77.571217
12.945934,77.595867
12.965836,77.586537
12.964629,77.54867
12.984596,77.560839
12.997473,77.577265
12.910026,77.592921
12.971143,77.658417
12.975367,77.577213
12.912721,77.563264
12.971927,77.569553
12.938089,77.611378
12.957046,77.584337
12.968616,77.556328
12.970565,77.559838
12.953595,77.573023
12.985434,77.660511
12.985012,77.645383
12.987999,77.588169
12.95757,77.595282
12.971467,77.572435
12.947128,77.553904
12.977305,77.587788
13.011496,77.636182
12.91371,77.60323
13.011232,77.565891
12.997306,77.572667
12.996416,77.55243
12.958348,77.567159
12.999503,77.569489
12.979171,77.576983
12.967624,77.549564
12.942868,77.561593
13.021796,77.581634
12.970898,77.636857
12.992105,77.620054
12.935932,77.593923
12.980975,77.585778
12.950014,77.579602
12.921188,77.573914
12.998598,77.575808
12.980435,77.572071
12.983932,77.577234
12.978231,77.62905
12.973309,77.649993
12.925363,77.5945
12.936663,77.548502
12.977697,77.559981
13.005246,77.543162
12.994473,77.550879
12.962872,77.544728
12.968466,77.662036
13.0144,77.568656
12.998992,77.588862
12.938576,77.576375
12.939488,77.5682
12.913685,77.583515
12.922938,77.593859
12.947433,77.544244
12.976091,77.551687
12.965312,77.560898
12.932458,77.571817
12.945282,77.567934
12.975332,77.662072
13.003274,77.605849
12.930284,77.613995
12.928346,77.604447
12.968423,77.55989
12.978637,77.578267
12.966105,77.555522
12.99889,77.545505
12.980601,77.58278
12.943328,77.547847
12.980707,77.627917
12.969557,77.648284
12.987196,77.620273
12.966246,77.586496
12.960707,77.566797
12.969848,77.642821
13.003419,77.551755
12.972658,77.570146
12.947748,77.575301
12.978117,77.58467
12.959158,77.566373
12.977342,77.570363
12.987943,77.57237
12.987007,77.585292
12.986916,77.582
12.951322,77.563229
12.980955,77.582526
12.976638,77.625502
13.003476,77.628023
12.979056,77.557707
12.928077,77.566918
13.023788,77.567005
12.984941,77.577248
12.915099,77.570293
12.977901,77.582566
12.960637,77.644158
12.957834,77.532912
12.948335,77.593454
12.97776,77.631677
12.92766,77.545028
12.980068,77.649702
12.969781,77.538199
12.978185,77.588107
12.989443,77.566088
12.977881,77.621921
12.983451,77.582535
12.938501,77.582675
12.980638,77.65057
13.009212,77.652355
12.957759,77.595809
12.996642,77.562191
12.986749,77.636694
12.994377,77.551976
13.015251,77.583529
12.938584,77.531315
12.982512,77.611769
12.979547,77.578645
12.948524,77.585445
12.971237,77.581278
12.974455,77.637439
12.984502,77.583424
13.003961,77.546055
13.006099,77.578591
12.964722,77.5884
12.961321,77.587126
13.002679,77.560738
12.999532,77.584165
12.990552,77.595148
12.964904,77.574241
12.980868,77.582742
12.992729,77.57177
12.995652,77.567411
12.953197,77.65603
12.934297,77.595162
12.980067,77.649136
12.932828,77.572464
12.970805,77.643987
12.928072,77.552717
12.97984,77.654053
12.927908,77.566775
12.972241,77.571833
12.92979,77.593315
12.974592,77.632532
12.967765,77.58875
13.009889,77.594668
12.983235,77.576217
12.974396,77.619694
12.957115,77.58538
12.950718,77.571102
12.974903,77.601635
12.963609,77.592725
12.985564,77.587321
12.958385,77.558484
12.969556,77.562544
13.013989,77.58417
12.97489,77.565473
12.974908,77.625539
12.97425,77.58398
12.926788,77.589541
12.9494,77.579936
12.996556,77.576154
12.96939,77.576426
13.027847,77.586107
12.99003,77.576079
12.938661,77.57022
12.996204,77.558225
12.999718,77.595813
12.959827,77.603739
13.007382,77.587693
12.949232,77.574444
12.971546,77.567328
12.976447,77.578518
12.990603,77.555334
12.973923,77.563692
12.961469,77.671584
13.010851,77.596305
12.963259,77.554765
12.966903,77.63488
12.983161,77.66165
12.921012,77.567103
12.98218,77.633811
12.996452,77.56095
12.984398,77.580523
12.989676,77.574182
13.016289,77.541289
12.930903,77.582489
12.991478,77.566639
12.991698,77.579612
12.971621,77.564597
12.990077,77.569594
13.0191,77.557166
12.977998,77.648585
12.921504,77.599856
12.961624,77.664079
12.943043,77.616078
12.982352,77.563281
12.988624,77.638769
12.939175,77.579149
12.996268,77.636034
12.966061,77.564467
12.948317,77.547471
12.974297,77.596121
12.92808,77.561748
12.954705,77.653569
12.996544,77.598429
12.984051,77.588855
12.942223,77.568865
12.965359,77.566847
12.961347,77.552751
12.957449,77.583395
12.977155,77.580053
12.968331,77.660815
12.958138,77.649359
12.99328,77.579767
12.979959,77.597644
12.982461,77.569075
13.0027,77.57461
12.930037,77.57276
13.014767,77.561499
12.994698,77.581436
12.914094,77.591452
12.926595,77.571711
12.980779,77.56213
12.920189,77.582774
12.988408,77.643959
12.983176,77.647681
12.989723,77.57462
13.004674,77.561758
13.003182,77.56303
12.941929,77.590356
12.972804,77.590828
13.013243,77.568554
12.94794,77.610915
12.974296,77.667978
12.973704,77.570426
12.984473,77.628904
12.962254,77.592235
12.975278,77.588971
12.966809,77.564247
12.925651,77.571421
12.914222,77.568601
12.972037,77.580253
12.969358,77.550227
12.917953,77.581552
12.964007,77.641524
12.986669,77.657439
12.969021,77.629357
12.965827,77.629098
12.986743,77.56851
12.97892,77.570952
13.008209,77.610007
13.007879,77.565938
12.968502,77.606229
12.978141,77.593636
12.925534,77.584324
12.922164,77.565661
12.956259,77.625043
12.971235,77.55333
12.953466,77.611971
12.981258,77.622329
12.971024,77.563187
12.954097,77.564922
12.955325,77.654082
12.997725,77.575937
12.961851,77.555977
12.995697,77.594768
12.991455,77.563822
12.967893,77.607655
12.980923,77.635773
12.96777,77.556891
12.978002,77.562161
13.013651,77.576122
12.982148,77.649965
12.96367,77.606462
13.002409,77.59074
12.965329,77.572409
12.93617,77.566627
12.939468,77.594214
12.956222,77.55328
12.96121,77.581478
12.989193,77.66632
12.948444,77.592234
12.986358,77.571333
12.960232,77.551524
12.959667,77.624832
12.967548,77.652292
12.962058,77.577349
12.94907,77.562654
12.982246,77.605732
12.919856,77.578496
12.978922,77.603078
12.974045,77.618621
12.93696,77.590157
12.954668,77.602731
13.000742,77.528934
12.990269,77.59426
13.013773,77.54826
12.981059,77.561926
12.995123,77.579352
12.988775,77.594523
13.000454,77.550094
12.975938,77.618672
12.989394,77.573774
12.993882,77.663822
13.002753,77.582193
12.999894,77.600864
12.977071,77.597494
12.978952,77.649883
13.003262,77.573581
12.987746,77.533064
12.950673,77.630432
13.001652,77.559123
12.981768,77.565425
12.999771,77.596476
12.990511,77.634591
12.953602,77.62838
12.930313,77.551124
12.971096,77.589507
12.965446,77.579974
12.979877,77.64251
12.96297,77.599754
13.006565,77.560711
12.93689,77.600483
12.969627,77.551406
12.981459,77.639881
12.933635,77.568886
12.949546,77.584238
12.935277,77.584895
13.016357,77.582126
13.037766,77.562145
12.946073,77.562239
12.929266,77.577674
12.96188,77.646743
12.977064,77.578289
12.967611,77.588966
12.939276,77.551466
12.96979,77.575997
12.916482,77.598418
12.92797,77.557348
12.97378,77.571137
12.979871,77.54357
13.000195,77.562787
12.972319,77.653548
12.997814,77.569925
12.993747,77.56952
12.927128,77.597406
12.931119,77.551862
12.911292,77.582905
13.035391,77.55915
12.967973,77.659315
12.967296,77.634006
12.930096,77.570557
12.959205,77.571997
12.983291,77.592963
12.999697,77.550169
12.991713,77.633498
12.96732,77.589046
12.955241,77.639761
12.92802,77.58286
12.943035,77.525843
12.952266,77.583056
12.984324,77.568461
12.963522,77.561433
12.963175,77.596653
12.923319,77.573422
12.989485,77.561398
12.929339,77.573928
12.987819,77.584267
12.95108,77.625584
12.979649,77.644926
12.983257,77.57903
12.963808,77.558931
12.980679,77.637265
12.965119,77.595663
12.921103,77.574097
12.982124,77.550891
12.970403,77.560838
12.984937,77.552326
12.971437,77.576946
13.010243,77.557205
12.919793,77.587559
12.987037,77.572085
12.951977,77.571346
12.997799,77.584656
12.963215,77.633642
12.963189,77.638468
12.964204,77.590052
12.994037,77.564181
12.950908,77.578695
12.978031,77.59364
12.974772,77.638726
12.936672,77.594289
13.00586,77.586132
12.989402,77.6246
12.979857,77.56979
12.935873,77.581473
12.980002,77.639477
12.920662,77.586256
13.015038,77.571074
12.982504,77.581625
12.975002,77.558718
12.926258,77.559512
12.96379,77.614028
12.94325,77.570731
13.002379,77.560461
12.980989,77.59541
12.983659,77.556357
12.936588,77.604527
12.991486,77.567314
12.955043,77.620576
12.950121,77.620841
12.977012,77.573553
12.957888,77.592978
12.935978,77.578616
12.921873,77.604051
12.966639,77.660223
13.009156,77.569392
12.964567,77.547267
12.952977,77.592236
13.023223,77.579003
12.953836,77.559776
12.981721,77.590421
13.004929,77.574847
12.986015,77.588175
12.991922,77.542956
12.947221,77.571574
13.013029,77.573276
12.992226,77.646222
12.982801,77.58182
12.963591,77.586631
12.913304,77.566536
12.972203,77.571021
13.003426,77.55556
12.94149,77.571207
12.988644,77.642202
12.990536,77.576784
12.988125,77.583948
12.992629,77.597941
12.952305,77.579046
13.010231,77.586765
13.017246,77.55769
12.9935,77.588397
12.964554,77.573525
12.973684,77.551306
12.974853,77.570105
12.968401,77.643205
12.9803,77.576438
12.988207,77.628281
12.973251,77.579462
12.979634,77.542752
12.97226,77.621677
12.923251,77.58466
12.967175,77.573067
12.973371,77.560155
12.911865,77.6038
12.972743,77.568585
12.920113,77.570307
12.952149,77.559435
12.949503,77.587255
12.975533,77.562815
12.994832,77.601572
12.973941,77.577523
12.985569,77.57074
12.997571,77.571959
12.945301,77.612185
12.99425,77.578621
12.996562,77.64257
12.973757,77.57589
12.972135,77.636188
12.974222,77.642966
12.997054,77.629163
12.914345,77.571357
12.956352,77.569323
12.986755,77.565313
12.984716,77.607595
12.935949,77.546371
12.979738,77.564964
12.938427,77.61058
12.920393,77.578026
12.977781,77.563218
12.972872,77.665885
12.990037,77.579814
12.972596,77.628966
13.01828,77.571764
13.002922,77.595481
12.941107,77.608077
12.98323,77.562255
13.010461,77.585165
12.990996,77.562153
12.963433,77.557364
12.998877,77.569911
12.977337,77.617578
12.968052,77.585879
13.015038,77.56917
12.952904,77.638503
12.924826,77.617847
13.009062,77.553266
12.959371,77.581934
12.984427,77.581933
12.950005,77.578378
12.991529,77.595416
12.986546,77.587404
12.919251,77.566925
13.007338,77.547495
12.968275,77.638188
12.997381,77.585444
12.987968,77.59319
12.918485,77.58537
13.018961,77.591994
13.016898,77.611198
12.986066,77.637959
12.955453,77.626182
12.938711,77.574833
13.004812,77.570995
12.95333,77.576508
12.957135,77.621741
13.008721,77.571935
13.027372,77.54176
12.978363,77.567069
12.998738,77.571833
12.971304,77.630212
13.005352,77.589596
12.984485,77.574437
12.962924,77.621416
12.981147,77.585042
12.98794,77.575461
12.94214,77.575106
12.919063,77.596769
12.994077,77.569684
12.981059,77.637573
12.913434,77.567454
12.985017,77.647673
13.015307,77.552394
12.93877,77.589639
12.983596,77.565637
12.967958,77.605648
12.981094,77.573584
12.984083,77.566967
12.978672,77.545769
13.007378,77.635255
12.987644,77.575556
12.947806,77.651985
12.922468,77.563195
13.008947,77.54552
12.998333,77.636448
12.997665,77.575409
12.98918,77.602988
12.915954,77.606312
12.928199,77.569678
12.973215,77.555595
12.998282,77.574117
12.978664,77.636752
13.016363,77.643074
13.015449,77.553875
12.996445,77.585488
12.933503,77.578885
12.981308,77.618042
12.939225,77.589122
12.996893,77.657145
12.981327,77.630988
12.985734,77.559549
12.972421,77.547154
12.966747,77.55098
12.998993,77.565548
12.952711,77.586881
12.967751,77.646727
12.926743,77.603833
12.989147,77.561601
12.98004,77.52634
12.994967,77.564317
12.972541,77.554146
12.977913,77.563575
12.936143,77.568613
12.999382,77.57507
12.979305,77.601095
13.000696,77.565579
13.001363,77.5925
12.981677,77.579807
13.014262,77.573614
12.991097,77.552035
12.97131,77.559344
12.965507,77.609867
12.983985,77.570229
13.018757,77.60784
13.020168,77.579324
12.961493,77.575749
12.924105,77.559306
12.95843,77.57971
12.983852,77.592382
12.985457,77.577045
12.922303,77.578439
12.97298,77.566701
12.933434,77.570431
12.9158,77.603568
12.961924,77.583059
12.980708,77.635095
12.986967,77.623036
12.979275,77.604492
12.988502,77.547077
13.009824,77.585306
12.929394,77.567537
12.992609,77.568393
12.982013,77.591533
13.007035,77.588132
12.985367,77.596799
12.997025,77.635641
12.997714,77.673512
12.949358,77.577133
12.965019,77.589357
12.981636,77.574047
12.987623,77.64943
12.978586,77.601717
12.997134,77.579289
12.939175,77.591967
12.978167,77.640913
12.966117,77.629319
12.916233,77.57839
12.976202,77.631198
13.014066,77.553849
13.018676,77.538668
12.97195,77.620779
12.980556,77.567919
12.980031,77.608175
12.969051,77.574368
12.911682,77.586147
12.965213,77.645097
12.997115,77.568092
12.980222,77.628773
13.001475,77.563805
12.959058,77.573964
12.972228,77.569144
12.963092,77.648524
12.989986,77.583043
12.956441,77.56532
12.989168,77.650854
12.930215,77.619572
12.988334,77.560373
13.020134,77.593661
13.005097,77.653951
12.979144,77.563598
13.003121,77.590339
12.910746,77.565658
12.968992,77.647105
12.980457,77.584021
12.956701,77.64312
12.942301,77.555621
12.972087,77.563327
12.98128,77.583453
12.978085,77.55532
13.004703,77.581633
12.975208,77.56522
13.033816,77.560312
12.973478,77.563141
12.989964,77.571418
12.971068,77.641276
13.001233,77.552835
12.985732,77.598685
13.001411,77.585693
13.006046,77.553211
12.927248,77.56122
12.930658,77.575838
12.993026,77.541247
12.943944,77.616657
12.924062,77.558253
12.993564,77.632337
12.993253,77.584076
12.978985,77.590127
12.990707,77.583136
12.960763,77.571381
12.97046,77.57477
12.990529,77.591107
12.984574,77.575192
13.002003,77.548453
12.929259,77.586964
12.964698,77.63637
12.955345,77.57228
12.96596,77.58469
13.014274,77.574576
12.937916,77.648442
12.964904,77.568228
12.989811,77.580086
12.936736,77.582929
12.939603,77.570003
13.012077,77.56107
12.927098,77.58303
12.997044,77.596945
12.964946,77.575909
12.988727,77.575124
12.976827,77.587882
12.992258,77.558768
12.967542,77.547624
12.984645,77.556689
12.97075,77.654219
12.956588,77.559298
12.976692,77.559289
12.975061,77.626551
12.974705,77.57669
13.034386,77.571622
12.92347,77.601602
12.943116,77.564686
12.985145,77.666373
12.971144,77.57003
12.963103,77.568287
12.989832,77.569539
12.999648,77.644248
12.965464,77.557256
12.98401,77.566803
12.940342,77.647862
12.958282,77.656888
12.92285,77.593917
12.966153,77.571466
12.967028,77.573813
12.926023,77.571556
12.965749,77.579173
12.955869,77.60475
12.979634,77.583584
12.996127,77.590535
12.949946,77.5492
13.001348,77.579543
12.92683,77.569482
12.98728,77.618109
12.989544,77.581394
13.010412,77.577087
12.932469,77.616891
12.993751,77.570137
12.992265,77.58882
12.914244,77.580129
12.91218,77.566933
13.001495,77.548857
12.939688,77.575174
12.983857,77.652489
12.969836,77.636311
12.996293,77.630118
12.99602,77.666555
12.920785,77.554563
12.978941,77.58263
12.999731,77.565189
12.97185,77.583659
12.971922,77.577108
12.97828,77.628242
12.92563,77.566721
13.000367,77.572417
13.022283,77.563944
12.96451,77.569913
12.966608,77.641144
13.016782,77.600015
12.975053,77.676497
12.973637,77.558268
13.012639,77.564787
12.945957,77.579549
12.991233,77.572172
12.992593,77.585538
12.974667,77.577137
13.010261,77.559756
12.989228,77.572559
12.988429,77.583851
12.99464,77.598819
12.964361,77.568676
12.964962,77.65194
12.989399,77.560033
12.935655,77.54691
12.984845,77.579873
12.986526,77.573116
13.019439,77.547844
12.941876,77.566081
12.983551,77.655317
12.955211,77.576079
12.995521,77.591724
12.984584,77.572525
12.989302,77.575543
13.018891,77.647793
12.973175,77.615129
12.975352,77.58437
12.997122,77.581672
13.003382,77.590993
12.957059,77.64617
12.990122,77.583649
13.003493,77.656687
12.968281,77.646424
12.965825,77.579842
12.973199,77.622627
12.957783,77.59226
13.028124,77.587783
12.977954,77.575263
12.979591,77.562466
12.97203,77.664907
13.002964,77.622553
13.000414,77.574644
12.977827,77.55332
12.986288,77.568155
12.980445,77.669293
12.982188,77.569334
12.955702,77.615108
12.99433,77.634051
12.993486,77.565566
12.913445,77.590322
12.943323,77.592739
12.962885,77.632
12.974641,77.640887
12.965163,77.582168
12.990783,77.585047
12.969564,77.655119
12.984908,77.596966
12.961078,77.581734
12.967965,77.591391
12.975515,77.56656
12.97002,77.649022
12.984505,77.573418
12.998491,77.548496
12.952359,77.570416
12.955852,77.57399
12.946203,77.592171
12.996236,77.573624
12.997765,77.577864
13.001533,77.583211
12.965694,77.572737
12.990009,77.573191
13.011572,77.563951
12.989341,77.585711
12.987897,77.573279
12.988768,77.545459
12.96709,77.580918
12.965821,77.57073
12.941011,77.573685
13.022656,77.565135
13.001075,77.573961
13.013139,77.566711
12.94883,77.5963
12.996494,77.570156
13.018591,77.570459
12.9632,77.558224
12.969381,77.63941
12.97255,77.570397
13.014202,77.577297
12.98024,77.575303
12.968275,77.580823
12.923104,77.560068
12.995496,77.646968
12.929331,77.559583
12.947818,77.575869
12.97468,77.539294
12.959213,77.581866
12.990501,77.61872
12.985998,77.63451
12.973354,77.579089
12.980397,77.626446
12.984734,77.59185
12.984086,77.553803
12.914924,77.606482
12.996864,77.562061
12.977621,77.574746
12.985735,77.577943
12.954008,77.562678
12.963901,77.550391
12.992476,77.552798
12.914852,77.594346
13.003553,77.590201
12.973778,77.569778
12.990025,77.657486
12.955093,77.600861
12.983446,77.604086
13.023032,77.562122
12.924923,77.575381
13.007045,77.573832
12.951005,77.591891
12.964343,77.574239
12.919591,77.586853
12.931128,77.564341
12.966814,77.628924
12.979875,77.64566
12.933971,77.585913
12.996285,77.634282
13.010035,77.594694
12.999049,77.581336
12.924145,77.571687
12.936642,77.568672
12.918392,77.560034
12.929239,77.59394
13.015078,77.56889
12.938892,77.622284
12.954271,77.650939
12.984905,77.631744
12.922169,77.568835
12.98509,77.573706
12.970873,77.571418
12.962594,77.586447
13.001783,77.554263
12.985576,77.653323
12.97887,77.586819
12.963629,77.636958
13.004089,77.589274
12.918871,77.586232
12.975361,77.573468
12.955797,77.559287
12.932956,77.541464
13.000641,77.56588
12.980536,77.630513
12.975039,77.586603
12.981554,77.590705
12.993696,77.560398
12.915671,77.623231
12.941214,77.581843
12.996808,77.583719
12.968019,77.597803
12.976105,77.656065
12.986243,77.566087
12.964855,77.605707
12.972112,77.572679
12.986157,77.569379
12.972876,77.571826
12.955222,77.587088
12.997151,77.642904
12.953786,77.578819
12.965626,77.575008
12.925984,77.605423
12.938495,77.568135
12.959304,77.643245
12.935854,77.566468
12.92373,77.56646
12.93252,77.542526
12.995558,77.648096
13.024939,77.582842
12.986588,77.578927
12.979831,77.638503
12.960882,77.619305
12.925639,77.577301
12.982268,77.615746
12.985067,77.599248
12.982039,77.570644
12.964288,77.622061
12.960244,77.572363
12.960118,77.654758
12.919045,77.577507
12.943659,77.589535
13.004736,77.575111
12.978043,77.54187
12.923329,77.571279
12.998869,77.561746
12.934576,77.542223
13.017668,77.582292
12.960843,77.563063
12.955392,77.676386
12.974923,77.559463
12.992629,77.579976
12.999774,77.64296
12.915202,77.574553
12.974158,77.597281
12.958692,77.558584
12.960243,77.569729
12.991438,77.657624
13.008429,77.572281
13.013489,77.645661
12.960583,77.592434
12.971694,77.6369
12.936138,77.569913
12.970815,77.603683
12.924296,77.593325
12.971215,77.645705
12.977551,77.558793
12.971094,77.624
12.923128,77.56975
12.980313,77.585355
12.990449,77.578988
12.966194,77.589767
12.941512,77.601843
12.991181,77.558499
12.95667,77.563733
12.91463,77.569192
12.993764,77.576931
12.961135,77.579537
12.955134,77.56998
12.971196,77.557248
12.918759,77.587522
12.966141,77.657146
12.931078,77.573544
13.003173,77.643099
12.919426,77.614767
12.976571,77.567322
13.005651,77.572915
12.953186,77.644374
12.992523,77.56196
12.996046,77.597147
12.973675,77.561218
12.96228,77.640388
13.001285,77.587408
12.949974,77.590695
12.92756,77.589846
12.961419,77.572136
12.913947,77.561308
12.978726,77.552061
12.945308,77.549852
12.964776,77.584391
12.957867,77.655724
12.987025,77.57962
12.975782,77.651586
12.979431,77.563052
12.932819,77.579821
12.97389,77.637923
12.988902,77.562664
12.971245,77.577354
12.981905,77.641407
12.919257,77.578574
12.959565,77.583348
12.950753,77.654761
12.989815,77.59096
12.980578,77.621664
12.928701,77.63569
12.971221,77.57328
13.017247,77.584168
12.918185,77.610662
12.973374,77.668671
13.032236,77.541863
12.971347,77.576251
12.997159,77.566563
12.95136,77.622426
12.982235,77.595081
12.989739,77.577279
12.983207,77.550352
12.969621,77.595967
12.989542,77.564159
12.971917,77.604132
12.948463,77.595821
12.944962,77.554611
12.977983,77.573972
12.98209,77.559264
12.981518,77.561924
12.995936,77.556104
12.984505,77.532788
12.953691,77.640793
12.964615,77.586696
13.023707,77.581649
12.9914,77.649761
12.97743,77.637141
13.01339,77.557065
13.012619,77.601276
12.97889,77.563544
12.929234,77.562718
12.939958,77.570762
12.928542,77.599172
12.95367,77.586551
12.978601,77.579493
12.973122,77.573594
12.98771,77.551982
12.965697,77.571803
12.929917,77.580948
12.972284,77.609153
12.974085,77.565883
12.976099,77.578717
12.953343,77.554054
12.992627,77.569404
13.01083,77.57901
12.99512,77.577169
12.963076,77.584563
12.98726,77.55963
12.968307,77.610602
12.994864,77.55779
12.949475,77.610327
12.957701,77.655329
12.987752,77.568831
12.979296,77.566206
12.984154,77.569863
12.923612,77.560941
12.976417,77.583998
12.944207,77.587506
12.967026,77.58787
12.992702,77.547319
12.961958,77.583121
13.029874,77.587477
12.995142,77.607314
12.965653,77.672353
12.990253,77.571732
12.967017,77.550029
12.919636,77.560636
12.960938,77.658135
12.972428,77.582889
12.969053,77.563595
12.985227,77.552164
12.956004,77.607134
12.941794,77.579973
12.980877,77.588381
12.977358,77.633618
12.971005,77.569696
12.973365,77.593444
13.017563,77.554106
12.959477,77.590204
12.961354,77.538618
12.940027,77.575412
13.019298,77.562072
12.979667,77.651943
13.0032,77.579155
12.989465,77.643014
12.936913,77.579291
12.995202,77.581814
12.973229,77.578018
13.018492,77.556479
12.931821,77.616015
12.916313,77.551256
12.981567,77.656858
12.974073,77.631461
12.941521,77.565193
13.010717,77.567466
12.99216,77.567382
12.970232,77.585088
12.960475,77.57835
12.9797,77.635207
12.985177,77.571329
12.984997,77.562737
12.975971,77.628614
12.919362,77.626252
12.929598,77.598367
12.945859,77.560832
13.001595,77.562221
12.994198,77.584701
13.022936,77.577154
12.983356,77.558802
12.989887,77.587521
12.97389,77.564654
12.973933,77.61952
13.016623,77.559576
12.978589,77.567277
13.019464,77.579178
12.966249,77.651822
12.978722,77.645322
12.958261,77.610175
13.000337,77.651122
12.986694,77.572003
12.97851,77.600473
12.956019,77.597911
12.994963,77.588481
12.985568,77.590262
13.006837,77.576046
12.998389,77.582031
12.974317,77.583525
12.991954,77.594402
12.961395,77.554839
12.935402,77.546273
12.985373,77.563316
12.958797,77.599755
12.961961,77.573327
12.983459,77.566276
12.9695,77.66051
12.973346,77.594565
12.964556,77.565907
12.969049,77.60414
12.974924,77.627506
12.998849,77.545274
12.931852,77.568932
13.00681,77.584641
12.980123,77.635701
12.924661,77.531849
12.971124,77.590883
12.918789,77.567966
12.941094,77.639491
12.938905,77.579469
13.015267,77.567178
12.952827,77.579137
12.967277,77.567258
12.957797,77.545045
12.948859,77.552546
12.9917,77.591231
12.996779,77.558871
12.957386,77.620585
13.00723,77.558235
13.017776,77.590038
12.913062,77.552421
12.958917,77.58114
13.002552,77.632959
13.0023,77.546724
12.963597,77.58829
12.941601,77.573121
12.951062,77.58958
13.005884,77.576136
12.932352,77.580295
12.992782,77.668565
13.025771,77.571746
12.940741,77.57675
12.981165,77.582009
12.965283,77.573858
12.923738,77.573644
12.964504,77.630404
12.971226,77.631136
12.984698,77.552081
12.977008,77.583287
12.976935,77.579242
12.972272,77.579103
12.978496,77.594744
12.924416,77.576385
13.005619,77.556674
12.950937,77.633278
12.971606,77.6505
12.979859,77.553238
12.921937,77.614408
12.993198,77.575405
12.988658,77.669121
13.000159,77.562921
12.972877,77.592097
12.97416,77.642214
13.02692,77.58007
12.986119,77.574807
13.028992,77.572805
12.947891,77.547395
12.991214,77.627047
12.970129,77.553591
12.964505,77.539665
12.92863,77.652983
12.982221,77.581186
12.985774,77.553
12.994863,77.587003
12.927003,77.566232
12.999056,77.564245
12.960151,77.572402
12.963777,77.573331
12.974779,77.640977
12.975398,77.584096
12.92489,77.565762
12.987855,77.548995
12.999616,77.645581
12.980261,77.644164
12.962409,77.582778
12.985847,77.582838
12.910297,77.597521
12.983224,77.648477
13.017322,77.573704
12.93872,77.566377
12.980451,77.592161
12.981091,77.586801
13.011794,77.586308
12.974491,77.560007
13.001031,77.629731
12.994513,77.571535
12.926143,77.559981
12.972656,77.574494
13.030931,77.584082
12.981811,77.65929
12.946779,77.599956
12.996061,77.592847
12.942815,77.581403
12.974825,77.65922
12.953779,77.58782
12.921588,77.587085
13.003821,77.55674
12.944941,77.562802
12.948934,77.586131
12.974591,77.581571
12.966638,77.63973
12.987605,77.59241
12.981385,77.63006
13.002087,77.583342
13.009894,77.551721
12.979818,77.555739
12.950848,77.581344
13.000765,77.559434
12.910848,77.565548
12.976276,77.559173
12.927767,77.570282
12.976483,77.572851
13.025658,77.596696
12.938572,77.608766
12.923149,77.603792
12.970336,77.555686
12.980339,77.55782
12.977538,77.644803
12.951072,77.582754
12.962946,77.603868
12.979959,77.558909
12.971763,77.588874
12.979397,77.620846
12.966978,77.653186
13.013984,77.573512
12.973173,77.593416
12.987448,77.586774
12.997998,77.565579
12.973166,77.575687
13.016536,77.571538
12.980529,77.582542
12.97193,77.553547
13.008741,77.553643
12.961753,77.577924
12.934672,77.592154
12.981542,77.574671
12.942949,77.601615
13.010454,77.59092
12.933259,77.603137
12.928511,77.583534
12.966962,77.574528
12.971524,77.642272
12.985365,77.583359
12.982709,77.637839
12.967381,77.589984
12.991197,77.643915
12.946682,77.563246
12.995106,77.578949
12.964086,77.678948
12.971762,77.652501
12.968387,77.643548
12.971648,77.569725
13.032257,77.57346
13.017391,77.564557
13.02258,77.583393
13.004197,77.564697
12.981164,77.643045
12.927387,77.567013
13.008647,77.56739
12.99842,77.593077
12.970128,77.666084
12.983751,77.555441
12.987894,77.599608
12.959928,77.58607
12.978208,77.586857
12.964406,77.566219
12.938002,77.598715
12.936046,77.599564
12.975658,77.621926
12.923341,77.581438
13.000075,77.565339
12.968339,77.570242
12.987354,77.596193
12.990306,77.633731
12.98213,77.63037
12.975778,77.569821
12.919459,77.578861
12.964101,77.5796
12.971503,77.563234
12.925364,77.5562
13.010655,77.597108
12.992259,77.567052
12.982503,77.623958
12.943463,77.571371
12.961365,77.561719
12.998887,77.658769
12.992348,77.570913
12.944788,77.567534
12.968883,77.586312
12.967341,77.575811
12.944993,77.622796
12.965891,77.630582
12.960809,77.635569
12.9793,77.567206
12.965076,77.591787
12.954973,77.619993
12.967384,77.571385
12.940159,77.58104
12.999221,77.582408
12.981703,77.563402
12.958696,77.575577
12.999852,77.643937
12.961978,77.616732
12.961196,77.614732
13.008157,77.568226
12.959768,77.575452
12.929451,77.57472
12.922416,77.596937
13.003064,77.56703
12.987833,77.585339
12.917479,77.584256
13.006101,77.564763
12.980059,77.58718
13.000922,77.560035
12.973792,77.648277
12.94972,77.579646
12.980177,77.572915
12.97797,77.669036
12.979439,77.587427
12.98402,77.588941
12.976877,77.563881
12.951159,77.604926
12.930782,77.608547
12.920584,77.588576
12.922891,77.604296
12.934507,77.579316
12.962075,77.576984
12.932326,77.592767
12.925721,77.570059
12.948957,77.585573
12.957591,77.588507
12.974538,77.558463
12.990274,77.627643
13.003097,77.586061
13.00455,77.56539
12.995074,77.562884
13.010361,77.552273
12.988118,77.662212
12.980385,77.654022
12.917425,77.564445
12.915363,77.59771
12.970761,77.555869
13.015466,77.546355
12.978853,77.64706
12.913096,77.594685
12.989939,77.57823
12.975511,77.585874
12.994519,77.560424
12.97716,77.582772
12.984243,77.556674
12.957735,77.586511
12.968848,77.565099
12.91515,77.607493
13.004124,77.572734
12.988116,77.565337
13.010841,77.557521
12.951884,77.582172
12.957976,77.588882
12.982342,77.577691
12.960692,77.613157
12.927893,77.587916
12.964284,77.631035
12.974232,77.574036
12.989061,77.541525
12.920496,77.594561
12.951217,77.656306
12.992473,77.651746
12.947752,77.592286
13.007423,77.573368
12.915675,77.593493
12.984832,77.56755
12.974799,77.6288
12.941754,77.602988
12.975607,77.565943
12.954665,77.663957
12.973985,77.553188
12.952578,77.641495
12.987107,77.582103
12.993609,77.634582
12.957055,77.584909
12.919658,77.558885
12.919539,77.562982
12.961843,77.584544
12.923693,77.592073
12.96674,77.574386
12.945449,77.601425
12.970199,77.599361
12.938733,77.568188
12.918283,77.533229
12.946981,77.587964
13.00781,77.56885
12.982797,77.581716
12.973819,77.59845
12.984013,77.58351
12.975136,77.639914
12.959441,77.598458
13.000597,77.5966
12.990353,77.586426
12.925293,77.583527
13.009964,77.593474
12.932776,77.609255
12.962129,77.591921
12.942906,77.567476
12.99143,77.568389
12.981684,77.643257
12.993112,77.643712
12.937569,77.558041
13.034911,77.586752
12.989256,77.654828
12.997055,77.550795
12.96192,77.590717
12.928019,77.601935
12.95893,77.612233
12.973777,77.59076
13.000682,77.637411
12.989394,77.621714
12.98748,77.57838
12.948127,77.567007
13.003989,77.555388
12.993413,77.570326
12.967695,77.570619
12.955117,77.658447
13.003068,77.571995
12.982865,77.642854
13.008145,77.569299
12.976187,77.563828
12.977975,77.583925
12.963851,77.579711
12.918887,77.586499
12.966369,77.57488
13.005013,77.576079
12.947619,77.566966
12.969422,77.559544
12.994437,77.562008
12.979894,77.572859
12.988958,77.637313
12.979292,77.655017
12.913354,77.604404
12.983123,77.597436
12.968627,77.581278
12.949668,77.558159
13.029859,77.592793
12.967327,77.589948
12.966975,77.545343
12.986349,77.575937
12.982838,77.599257
12.970905,77.573811
13.001544,77.582671
12.998429,77.563296
12.910835,77.609564
12.946494,77.563291
12.977485,77.63095
12.982854,77.571366
12.978399,77.574888
12.950343,77.627281
12.959566,77.568385
12.985661,77.644479
12.939975,77.583732
12.987327,77.660566
12.976631,77.546158
12.946303,77.584601
12.935749,77.546721
12.973586,77.590669
12.922214,77.590792
12.910795,77.594486
12.996195,77.582995
12.973917,77.582648
12.932881,77.571832
12.98212,77.565915
12.978393,77.64388
13.007357,77.572718
13.00959,77.567659
12.9837,77.577065
12.968832,77.579084
12.947671,77.574331
12.984107,77.585376
12.917844,77.608242
12.950341,77.560258
12.979259,77.627256
12.976566,77.650665
12.994593,77.620533
12.936809,77.64946
12.97867,77.578545
12.946916,77.570843
12.912469,77.571055
12.975726,77.639923
13.014869,77.578476
13.002848,77.583634
13.006828,77.586348
12.979517,77.570243
13.010885,77.60397
12.992711,77.601281
12.96202,77.632967
12.970761,77.55733
12.97046,77.589363
12.997685,77.655706
12.978634,77.634315
13.018862,77.573667
12.934979,77.593023
12.978834,77.572864
12.940244,77.574289
12.974915,77.59089
12.960082,77.657271
13.01077,77.567015
12.926331,77.612571
12.944826,77.589358
12.994803,77.611284
12.988625,77.638854
12.928468,77.599166
12.922593,77.594425
12.971901,77.650692
12.960285,77.584439
12.921924,77.547168
12.943439,77.549661
12.970469,77.639854
12.968271,77.581422
12.939691,77.601097
12.961049,77.586385
12.981931,77.623181
12.951971,77.533932
12.99374,77.587228
12.936294,77.546981
12.981949,77.581386
12.98605,77.65198
12.97064,77.588801
12.950983,77.57167
12.980913,77.637762
12.918615,77.559279
12.996129,77.551782
13.015686,77.627583
12.988468,77.673274
12.949877,77.56267
12.952258,77.626221
12.988568,77.575327
12.987433,77.579441
13.026733,77.589155
13.003132,77.588841
12.948584,77.640673
13.000357,77.564295
12.971049,77.553525
12.937903,77.583784
12.984315,77.588627
12.923606,77.556777
12.924966,77.616095
12.991951,77.583201
12.927234,77.566612
12.953469,77.578105
12.973852,77.639446
12.98231,77.566063
13.000208,77.573582
13.005404,77.576524
12.940611,77.559594
12.961485,77.593154
13.012212,77.566092
12.981743,77.652859
12.94517,77.555452
13.011653,77.562946
13.010378,77.591929
12.945365,77.571034
12.95067,77.571554
12.982868,77.565893
12.972347,77.574538
12.985318,77.573646
12.967095,77.565735
12.978728,77.64178
12.976987,77.658182
12.985824,77.574046
12.933262,77.596781
12.911257,77.628072
12.986881,77.657639
12.995766,77.573152
12.996901,77.568135
12.98712,77.575844
12.918752,77.592184
12.9665,77.589535
13.013412,77.543675
12.993328,77.596223
12.973958,77.587624
12.984834,77.560167
12.973738,77.573135
12.961527,77.584271
12.931767,77.596951
12.968655,77.554465
12.962272,77.639743
12.961153,77.598089
12.982905,77.562941
12.967133,77.569993
13.024382,77.613034
13.003614,77.562863
13.005039,77.560238
12.966611,77.619446
12.932827,77.574494
12.986182,77.663497
12.96591,77.596903
12.923979,77.599449
12.9783,77.567191
12.933158,77.568334
13.004436,77.632384
12.966295,77.582641
12.942442,77.553384
12.984017,77.661376
12.989669,77.584128
12.963379,77.572928
12.975007,77.568166
12.986364,77.614971
12.992707,77.651505
12.973161,77.578669
13.002445,77.556064
12.954808,77.579944
13.012988,77.57684
13.010467,77.578286
12.971466,77.574538
12.989684,77.601948
12.992421,77.614349
12.989333,77.65641
12.996905,77.646914
12.930522,77.586601
12.993169,77.57195
12.988613,77.602362
12.937426,77.590875
12.96793,77.566129
12.968794,77.567375
12.957783,77.583219
12.970084,77.596781
12.958808,77.591692
12.965837,77.64746
12.917703,77.617959
12.979893,77.637417
12.942064,77.573671
13.006095,77.571616
12.995211,77.558167
12.998116,77.589378
12.978994,77.665594
12.989197,77.594754
12.955179,77.560123
12.942311,77.57427
12.975543,77.593553
12.933186,77.583049
12.992586,77.557257
12.994323,77.654984
12.990501,77.571147
12.961534,77.575949
12.993796,77.60396
13.02691,77.570611
12.98278,77.571077
12.992507,77.584849
12.999412,77.566339
12.929216,77.583752
12.986351,77.616943
12.950992,77.683688
12.971109,77.578134
12.998843,77.591983
12.987834,77.568201
12.957026,77.562861
12.96313,77.59553
12.98349,77.552068
12.983926,77.575159
12.955982,77.552017
12.946746,77.546995
13.001052,77.581774
12.961406,77.559697
12.967282,77.647346
12.995577,77.568282
12.995895,77.593791
12.977319,77.567806
13.016959,77.538368
13.002585,77.566265
12.990485,77.613256
12.975646,77.653943
12.986129,77.623657
12.981909,77.580581
12.990657,77.563425
13.013085,77.577977
12.969877,77.564284
12.939611,77.57086
12.980345,77.579319
12.995258,77.588381
12.94752,77.586638
13.018566,77.574885
12.914941,77.558191
12.972485,77.567631
12.969453,77.574294
12.981888,77.589298
13.004447,77.574709
12.95431,77.567993
12.972788,77.568515
12.988094,77.636805
12.993913,77.59339
12.961567,77.564788
12.944148,77.56638
12.975994,77.574648
12.994729,77.581569
13.004666,77.584895
12.972907,77.559172
12.96574,77.5914
12.989403,77.576159
12.957117,77.594463
12.960833,77.569282
12.97847,77.591018
12.979177,77.557143
12.969212,77.652422
12.960787,77.636254
12.986552,77.583113
12.959851,77.569562
12.993948,77.553631
12.990063,77.653141
12.991023,77.57496
12.973391,77.573203
12.997401,77.584568
12.943583,77.600029
12.968796,77.655805
12.980746,77.528118
12.966639,77.636442
12.969564,77.593935
12.984564,77.628413
12.962947,77.579529
12.983139,77.562424
12.970736,77.597038
13.017287,77.549292
12.973155,77.640801
12.976239,77.576471
12.984485,77.581159
13.002107,77.550609
12.980409,77.635627
12.912791,77.572811
12.962767,77.566837
12.975411,77.642046
13.002634,77.57109
12.941303,77.613362
12.967786,77.565079
12.976883,77.630041
12.965866,77.575799
12.913942,77.571563
12.980316,77.65821
12.981326,77.596266
12.952284,77.566264
12.950608,77.5726
12.92656,77.579292
12.963724,77.595961
12.95316,77.604286
12.974076,77.580957
12.922177,77.573657
12.978694,77.570982
12.931867,77.594408
12.963883,77.581194
12.954701,77.588063
12.961479,77.574355
12.924194,77.579927
13.011798,77.574227
12.96838,77.576167
12.999161,77.616689
12.997534,77.550987
12.953091,77.574679
12.989113,77.601979
12.927378,77.56486
12.963944,77.627323
12.974527,77.648707
12.917354,77.583389
12.955553,77.581379
12.995669,77.553886
12.980142,77.56213
12.981557,77.558481
12.943638,77.60247
12.978762,77.623646
12.964049,77.550109
12.982687,77.575382
12.987949,77.542187
12.993083,77.573746
12.964277,77.567273
12.98634,77.635262
12.998318,77.574929
12.950821,77.588895
13.007237,77.546553
12.945445,77.595185
12.998298,77.577125
12.98185,77.566437
12.997575,77.633001
12.96794,77.628928
12.931533,77.568022
12.985862,77.564835
12.986865,77.555205
12.958299,77.633939
12.947354,77.564293
12.974543,77.591939
12.983851,77.570509
12.968875,77.623226
12.962453,77.561542
12.983481,77.59909
12.977973,77.563412
12.963274,77.579615
12.913149,77.557618
12.961115,77.580644
12.979743,77.635472
12.951398,77.600202
12.952529,77.562849
12.958098,77.649551
12.950683,77.572743
12.952567,77.637401
12.930992,77.594414
12.989003,77.587252
12.979667,77.568152
12.974815,77.579693
12.969633,77.627446
12.917917,77.56114
12.968923,77.593002
12.989399,77.57675
12.992158,77.558497
12.962736,77.645843
12.93181,77.554472
12.989531,77.59511
12.966849,77.586666
12.913959,77.577186
12.94674,77.576184
12.950716,77.582966
12.920567,77.553376
12.986407,77.578935
12.98602,77.565986
12.998108,77.585817
12.91535,77.599311
12.968538,77.551054
12.980762,77.615035
13.00173,77.557703
12.939602,77.585794
12.967167,77.641283
12.929465,77.594929
12.955747,77.589209
12.97038,77.581633
12.947198,77.585346
12.98497,77.586503
12.986864,77.560187
12.987568,77.582737
12.959868,77.590566
12.984575,77.580163
12.949151,77.571834
12.910186,77.554259
12.988262,77.582657
12.998876,77.572192
12.948501,77.549071
12.971332,77.654185
12.968488,77.590499
12.968668,77.624323
12.98921,77.580832
12.968131,77.623712
12.981576,77.576509
13.014806,77.638699
12.998122,77.569433
12.996814,77.57995
12.985773,77.565452
12.987926,77.584204
12.976965,77.633554
13.003611,77.530907
12.986577,77.639556
13.002861,77.560874
12.975667,77.566644
12.984268,77.655851
12.931688,77.591361
12.956712,77.655894
13.025489,77.564637
12.947597,77.625514
12.996072,77.640193
13.006109,77.566709
12.977234,77.636483
12.981689,77.597337
12.992263,77.625599
13.018436,77.567562
12.991568,77.553847
12.932382,77.576453
12.98995,77.622469
12.938551,77.583065
12.99234,77.673862
13.010037,77.562263
13.000584,77.552261
12.927038,77.592667
12.980423,77.55505
12.967915,77.58914
12.98881,77.573252
12.948648,77.578219
12.929267,77.599855
12.995456,77.568077
12.983081,77.583464
12.977764,77.570184
12.974781,77.654197
12.923801,77.588968
12.97705,77.562602
12.982005,77.579664
12.991918,77.639846
12.952489,77.534481
12.973122,77.572304
12.916042,77.608549
13.007426,77.533438
12.965729,77.587866
12.950739,77.564953
12.973284,77.637433
12.966363,77.637864
12.976793,77.576258
13.006151,77.595889
12.965945,77.546156
12.982415,77.641576
12.970695,77.634685
12.970367,77.580483
12.98674,77.528322
13.002063,77.580378
12.982683,77.57672
12.946335,77.57796
12.976833,77.631555
13.014584,77.585101
12.971606,77.642515
12.984579,77.65371
12.999216,77.577801
12.942313,77.631509
12.985205,77.589208
12.992876,77.642365
12.926044,77.571972
12.972544,77.548626
13.007285,77.556416
12.910578,77.588935
12.92683,77.620268
12.986384,77.589054
13.01205,77.571213
12.974855,77.580456
12.933308,77.587441
12.969252,77.599653
12.963457,77.573634
12.930272,77.51393
12.954249,77.582632
12.931692,77.573922
12.979936,77.569556
12.974682,77.662974
12.927941,77.590635
12.931567,77.599103
13.003791,77.550942
12.983472,77.55596
12.99067,77.563908
12.948877,77.568788
12.958949,77.617441
12.973123,77.59272
13.015116,77.593816
12.960154,77.612897
12.983903,77.643565
12.996742,77.578099
12.93512,77.571095
12.96242,77.575859
12.972612,77.571316
12.975758,77.57322
12.990837,77.545323
13.02148,77.575306
13.007876,77.561672
12.978547,77.57424
12.954797,77.645552
12.925876,77.596047
12.984031,77.549801
12.984165,77.593265
12.986173,77.589613
12.98135,77.57125
12.979501,77.634754
12.99125,77.654555
12.925415,77.605098
12.987178,77.587667
12.938596,77.545298
12.978967,77.57746
12.981243,77.580194
12.973711,77.568541
13.004955,77.654943
12.968835,77.572242
13.007868,77.579891
12.962787,77.575672
12.961751,77.572109
12.912109,77.562021
12.961425,77.54363
12.960679,77.581732
12.96263,77.563667
12.977374,77.587685
12.981175,77.59641
12.987125,77.652949
12.966805,77.560065
12.984225,77.648167
12.967163,77.572008
12.977058,77.638344
13.002511,77.567133
12.979523,77.540982
13.002773,77.63341
12.952995,77.603986
12.941571,77.556016
12.968515,77.641567
12.959147,77.588922
12.951604,77.575196
12.973593,77.580766
12.918356,77.600256
12.970467,77.56469
13.002382,77.572423
12.926449,77.585974
12.971717,77.570546
12.927765,77.603424
12.935368,77.572116
12.946031,77.663013
12.964792,77.560903
12.991226,77.555466
12.966901,77.587698
12.985098,77.555334
12.923524,77.599196
12.973718,77.569374
12.995146,77.635013
12.963809,77.576142
12.995349,77.593951
12.961168,77.570617
12.993669,77.599799
12.97775,77.572197
12.979859,77.59729
12.985472,77.579972
12.939212,77.609402
12.977333,77.576928
12.916803,77.576526
12.944305,77.591851
12.987331,77.562318
12.97103,77.594583
12.955588,77.640553
12.937444,77.537856
12.956152,77.643501
12.952183,77.594563
12.957372,77.648933
12.940319,77.571857
12.989741,77.646514
12.981097,77.570936
13.001821,77.603319
12.949238,77.577661
12.93016,77.582313
12.983622,77.566393
12.979972,77.623337
13.007163,77.636974
12.939292,77.614238
12.986827,77.563432
12.93169,77.568192
12.963602,77.590027
12.924178,77.606102
12.979088,77.584277
12.935537,77.599663
12.973564,77.581519
12.943452,77.587671
13.004338,77.571012
12.99088,77.659443
12.914714,77.572411
12.96285,77.608344
13.000703,77.62734
12.915033,77.543537
12.97272,77.581467
12.997392,77.556581
12.972629,77.595575
12.936302,77.598665
12.941083,77.549187
12.924865,77.565053
12.938857,77.550107
12.972632,77.563883
13.027216,77.586792
12.989483,77.585734
12.974466,77.571543
12.997554,77.568815
12.999564,77.59472
12.935184,77.592924
12.972552,77.640934
12.931978,77.591835
12.926822,77.577566
12.932367,77.601528
12.93701,77.600044
13.007534,77.570096
12.931992,77.560099
12.9686,77.640517
12.981861,77.574324
12.927027,77.593422
12.982175,77.650425
13.001036,77.579287
12.994118,77.635021
12.977501,77.580681
12.970237,77.580624
12.95761,77.620762
12.992257,77.558707
12.932971,77.558893
12.994441,77.646315
12.979019,77.603027
13.007929,77.569987
12.985173,77.544479
12.946878,77.586849
12.957556,77.563686
12.955465,77.652831
12.990327,77.565604
12.980142,77.62936
13.004209,77.582515
12.989789,77.587738
12.957817,77.608181
12.988472,77.570336
12.933879,77.58358
12.966767,77.585294
13.015958,77.607975
12.973488,77.57256
12.988167,77.541056
12.989329,77.625392
12.935802,77.605183
12.973861,77.631444
12.949064,77.560193
12.981683,77.569998
13.014312,77.546204
13.005271,77.57444
12.925913,77.57888
12.970717,77.550824
12.975224,77.630214
12.91429,77.588327
12.971979,77.573802
13.010076,77.599895
12.990786,77.628593
12.976121,77.558867
12.947057,77.569136
12.990549,77.662233
12.983137,77.583665
12.939506,77.605897
12.983132,77.588719
12.958244,77.599449
12.94415,77.539791
12.919159,77.583481
12.978654,77.636886
12.985459,77.588514
12.949659,77.606714
12.979467,77.631165
12.995119,77.577513
12.941566,77.585878
12.979739,77.558819
13.0027,77.563294
12.998622,77.615658
12.979175,77.586982
12.956495,77.55856
12.952807,77.572816
12.982907,77.573515
12.946812,77.578958
12.935769,77.62549
12.929905,77.566769
12.917364,77.575424
12.985467,77.662693
12.986256,77.576958
12.910675,77.585135
12.933554,77.560752
12.972806,77.568831
12.982698,77.557803
12.967071,77.584725
12.970483,77.579441
12.996597,77.587389
12.947041,77.556689
12.970843,77.583301
12.975141,77.599209
12.963519,77.573361
13.009438,77.560958
12.99905,77.5591
13.016842,77.568156
12.917832,77.568161
12.9395,77.591953
12.969782,77.631721
13.003663,77.597726
13.000307,77.57178
12.99243,77.572408
12.942471,77.600225
13.003189,77.572022
12.921445,77.574757
12.994096,77.669071
12.934729,77.577951
12.912896,77.572343
12.918226,77.586777
12.989076,77.584439
12.990217,77.576675
12.979021,77.588965
12.966217,77.571599
12.931144,77.591953
13.014569,77.580538
12.987858,77.574238
12.965935,77.658897
12.94968,77.567492
12.986128,77.599956
13.006866,77.55964
12.962575,77.568121
12.991197,77.605457
12.986045,77.589407
12.981976,77.569093
12.968617,77.572079
12.986968,77.581434
12.994437,77.5635
12.987608,77.593512
12.97713,77.574339
12.970109,77.640378
12.954046,77.566583
12.931981,77.579002
12.994267,77.568315
12.973723,77.565797
12.966476,77.57261
12.975878,77.594973
13.000723,77.655864
12.982481,77.565589
12.94038,77.605855
12.978274,77.661056
12.962658,77.556563
12.995261,77.567354
12.919652,77.599123
12.948476,77.579143
13.009936,77.545397
12.996408,77.62046
12.98918,77.640104
12.967143,77.58588
13.003401,77.590728
13.006675,77.647981
12.958926,77.595538
13.004885,77.581078
12.919035,77.558222
12.998463,77.606015
13.009239,77.559432
12.966549,77.562188
12.974899,77.638337
12.960137,77.564059
12.98828,77.582937
12.980632,77.572706
12.934348,77.579337
12.971555,77.595733
12.944101,77.572477
12.976885,77.553556
12.94192,77.577357
12.932903,77.574145
12.968826,77.55435
12.941798,77.573139
12.934315,77.574707
12.951668,77.568837
12.9237,77.57276
12.969198,77.584531
12.980095,77.588603
12.98,77.573377
12.956701,77.588941
13.022673,77.567628
12.962519,77.599515
12.986556,77.551053
12.970769,77.636244
13.009575,77.537927
12.915752,77.601891
12.979327,77.630797
12.975333,77.573016
12.971663,77.598671
12.916521,77.585028
12.946232,77.602386
13.005339,77.585328
12.933599,77.596341
12.987407,77.640954
12.945724,77.580458
13.00007,77.648114
12.966442,77.661235
13.00073,77.570889
12.965934,77.567136
13.011965,77.568604
13.002999,77.619123
12.950978,77.554032
12.951079,77.57034
12.943766,77.59207
12.97776,77.656723
12.959786,77.671265
12.971344,77.548691
12.940706,77.596394
12.970173,77.56702
13.000776,77.637336
12.976905,77.596265
12.967814,77.572301
12.982079,77.58282
12.961836,77.639007
12.99962,77.591716
12.979937,77.622521
12.99437,77.582998
12.956992,77.581263
12.962658,77.563805
12.967972,77.571161
12.997581,77.588544
12.91696,77.578369
13.032625,77.577449
12.989487,77.580827
12.947717,77.576725
13.015461,77.565275
13.003968,77.598283
13.014936,77.582335
12.971949,77.573228
12.972604,77.573714
12.946008,77.58705
12.984276,77.564424
12.925676,77.584034
12.928795,77.597808
12.968846,77.573504
12.911587,77.591446
12.912908,77.583056
12.962394,77.547603
12.984072,77.609112
13.015286,77.58686
12.936839,77.584811
12.951147,77.580237
12.947963,77.564974
12.969659,77.561204
12.950305,77.608069
12.970852,77.616971
12.95251,77.640664
12.991863,77.651865
12.949705,77.557571
12.979563,77.565067
12.989815,77.583554
12.968621,77.573668
13.00067,77.646725
12.979628,77.57837
12.979428,77.645201
13.004632,77.620358
12.98182,77.568958
12.981769,77.650204
12.982598,77.59068
13.001695,77.569006
12.967237,77.634751
12.977878,77.571927
13.017447,77.576885
12.975631,77.660962
12.92778,77.58752
12.940302,77.609497
12.920601,77.583381
13.006535,77.57203
12.953838,77.564537
12.985379,77.579914
13.007338,77.569593
12.955657,77.575283
12.997124,77.554189
12.92099,77.546768
12.971935,77.64548
12.990482,77.534296
12.954906,77.570566
12.957185,77.577886
12.942872,77.57637
12.996315,77.577736
12.992754,77.543227
12.913061,77.6323
12.985422,77.562061
13.016745,77.565626
12.965699,77.600079
12.989278,77.638222
12.922978,77.553024
13.013302,77.557067
12.984029,77.625692
13.007472,77.592419
12.968107,77.586426
12.927587,77.596871
12.97539,77.637004
12.961316,77.575165
12.970661,77.581206
12.98535,77.632578
13.033913,77.552718
12.9659,77.571065
12.981504,77.659824
12.988966,77.621853
12.971413,77.566251
12.975139,77.619308
12.947931,77.594496
13.014955,77.571291
12.957874,77.573133
12.992778,77.589983
12.955686,77.582362
12.994475,77.593866
12.981356,77.592346
12.973682,77.62583
12.952611,77.615754
12.995307,77.570991
13.006109,77.570443
12.991227,77.65243
12.994621,77.561037
13.000821,77.603373
12.980942,77.564821
12.994319,77.574153
12.966891,77.560354
12.96291,77.588957
12.970727,77.590991
13.020373,77.560077
13.014917,77.606103
13.023592,77.558773
13.01192,77.622512
12.974095,77.553144
12.956633,77.568905
12.980258,77.560097
12.994132,77.545431
12.996867,77.610701
12.968486,77.556967
12.969962,77.57581
12.988158,77.624645
12.934815,77.557936
12.966975,77.559588
12.994908,77.617608
13.00112,77.57192
12.987802,77.574748
13.025928,77.572687
12.986731,77.641198
12.975683,77.65643
12.913254,77.569792
12.9736,77.613809
13.025637,77.579471
12.911806,77.54275
12.910248,77.591897
13.022663,77.550513
12.964296,77.573556
12.999649,77.647721
12.979468,77.633967
13.0058,77.585058
13.005435,77.59061
12.962559,77.571624
12.92279,77.577227
13.027,77.563557
12.989056,77.599509
12.960353,77.579876
12.962159,77.652811
12.983485,77.572586
12.973119,77.572718
12.944985,77.563235
13.026942,77.570784
12.950122,77.589527
12.976147,77.554221
13.00156,77.554357
12.993904,77.571109
12.989655,77.576188
12.912787,77.56345
12.941805,77.563967
12.941792,77.579101
12.955649,77.580821
12.965591,77.648574
12.954362,77.561884
12.976259,77.654792
12.932832,77.559304
12.957383,77.625204
12.989089,77.598571
12.993145,77.62952
12.991823,77.541177
12.976181,77.577324
13.010824,77.583785
12.982815,77.562488
12.939435,77.604394
13.027283,77.539712
12.97344,77.573106
12.980041,77.561582
12.993854,77.536128
12.956653,77.597543
12.973208,77.566835
12.963606,77.630966
12.986378,77.577849
12.969693,77.563165
13.011458,77.584611
12.985526,77.542134
12.955302,77.564029
12.988042,77.555495
13.000941,77.561881
12.989545,77.56346
12.962276,77.567261
12.963468,77.597711
12.979644,77.557907
12.979348,77.639504
12.986957,77.547167
13.024821,77.58053
12.915061,77.567348
13.010223,77.589309
12.965812,77.563512
12.934488,77.567993
12.974363,77.571054
12.963272,77.550908
12.939199,77.619229
12.943126,77.574855
12.980053,77.579878
12.959403,77.59289
12.974182,77.574458
12.960859,77.575137
12.970279,77.642496
12.937436,77.570367
12.97992,77.560979
12.943748,77.584922
12.996809,77.642766
12.958696,77.664387
12.965688,77.582884
12.95366,77.560083
13.010303,77.556054
12.968585,77.642822
13.000546,77.573354
13.016878,77.569484
12.973075,77.595119
13.001877,77.581888
12.950938,77.566121
12.955521,77.592103
12.982967,77.600175
12.971465,77.643915
13.013292,77.574528
12.999288,77.641216
12.982502,77.552596
12.941339,77.568064
12.922455,77.584122
12.986242,77.581363
12.989626,77.549319
12.954862,77.574218
12.940277,77.61469
12.986748,77.648831
12.949049,77.609145
12.972871,77.639175
12.998917,77.570032
12.978855,77.589515
12.959874,77.575611
12.959456,77.651304
12.993702,77.681915
12.968047,77.58954
12.917438,77.56728
12.99658,77.568137
12.97773,77.675478
12.920673,77.574692
12.964578,77.650915
12.970096,77.562407
12.981589,77.585272
12.933735,77.596147
13.001705,77.552135
12.977763,77.587238
12.977958,77.551463
12.955585,77.564448
12.976296,77.563232
12.996363,77.566457
12.925887,77.602284
13.013286,77.581447
12.966807,77.562122
12.92576,77.559541
12.961996,77.629029
12.946438,77.569719
13.007562,77.583558
12.952931,77.562366
12.988489,77.589751
12.992735,77.576565
12.95905,77.585807
12.965598,77.637837
12.960298,77.57687
12.991968,77.644246
12.9238,77.584905
12.998305,77.652217
12.920687,77.576477
12.977933,77.588654
12.997438,77.561005
12.929261,77.575651
12.934306,77.596576
12.987224,77.63174
12.99014,77.567774
12.958704,77.565843
12.976205,77.645692
13.006086,77.567581
12.963205,77.660207
12.981045,77.638326
12.980509,77.560703
12.979792,77.574583
12.915993,77.565595
12.920122,77.583734
13.002085,77.642848
12.923296,77.590569
12.969864,77.580302
12.962981,77.60159
12.96911,77.573695
12.985628,77.584262
12.991715,77.553868
12.990308,77.589881
12.961285,77.564912
12.980637,77.572056
12.97746,77.561027
12.954883,77.578496
12.991647,77.548918
12.957391,77.588566
13.00097,77.56878
12.958621,77.623466
13.006118,77.62769
13.033976,77.568009
13.005575,77.618671
12.92876,77.544779
12.971805,77.588975
12.929573,77.590159
12.999572,77.573629
13.007434,77.593871
12.963739,77.593315
12.995971,77.580143
12.983022,77.595159
12.936497,77.577876
12.971302,77.575765
12.955047,77.546678
12.99444,77.577693
12.931967,77.594302
12.994734,77.656243
13.016584,77.582133
12.975092,77.634261
13.014431,77.576454
12.958755,77.650368
13.000058,77.573638
12.948341,77.569689
12.924214,77.583458
12.917603,77.572998
12.982402,77.592646
12.917968,77.606302
12.985083,77.562508
12.958987,77.657943
12.952273,77.57488
12.984899,77.576225
12.951617,77.609977
12.963843,77.584061
12.928913,77.556538
12.989929,77.557239
12.989057,77.581692
12.968763,77.578996
13.025141,77.581359
12.983731,77.573136
12.968463,77.587899
12.9862,77.582552
12.961614,77.639042
12.959348,77.562616
13.013088,77.548403
12.956061,77.574868
12.961292,77.584425
12.950909,77.553877
12.975384,77.572892
12.96941,77.530052
12.937873,77.585397
13.007269,77.565595
12.991305,77.585442
12.988932,77.627368
12.946569,77.603016
12.988522,77.572098
12.989778,77.649529
12.986647,77.589235
12.996163,77.602796
12.979846,77.562812
12.975242,77.567793
12.988325,77.58742
12.989131,77.634222
12.962371,77.649787
12.983372,77.631932
13.007361,77.567572
12.979382,77.58954
13.020853,77.557196
12.980553,77.550638
12.980733,77.563232
12.959012,77.559231
12.929285,77.58904
12.986048,77.575468
12.969518,77.631758
12.95288,77.57847
13.011013,77.565315
12.967493,77.574103
12.971118,77.537235
12.974314,77.62994
12.979221,77.568113
12.994283,77.584668
12.977457,77.658727
12.996996,77.563233
12.968241,77.582929
12.996613,77.552409
12.916051,77.597995
12.999523,77.559238
12.98039,77.554282
12.972738,77.633122
12.989721,77.594325
12.996655,77.567021
12.976688,77.583141
13.01157,77.559575
13.000454,77.571609
12.982027,77.650389
12.921118,77.56817
12.97268,77.534813
12.932021,77.606133
12.983136,77.581174
12.927454,77.597427
12.991107,77.563199
12.953552,77.551602
12.952704,77.585517
12.942686,77.591784
12.958792,77.592546
12.934156,77.581793
12.971643,77.56836
12.956973,77.550984
12.971001,77.582434
12.983584,77.600262
12.979919,77.558714
13.014295,77.567333
12.993044,77.625449
12.952225,77.568328
12.97689,77.578908
12.98048,77.656175
13.01673,77.581278
12.992517,77.563087
12.970993,77.569749
12.992164,77.555723
12.973411,77.557577
12.98209,77.58785
12.977667,77.632478
12.955221,77.560552
12.963671,77.572127
12.945981,77.608206
12.955012,77.616391
13.00159,77.575239
12.991001,77.583284
12.969074,77.635213
12.976929,77.54802
12.986852,77.659153
12.968099,77.581079
12.986628,77.587376
12.977949,77.57986
12.997688,77.57329
12.991829,77.572195
12.977386,77.569892
12.976008,77.571436
12.973817,77.60601
13.00533,77.551524
12.984126,77.56002
13.005034,77.628931
12.950869,77.591642
12.978949,77.635089
12.930164,77.555516
12.994429,77.649772
12.967303,77.601737
12.967446,77.579881
12.974558,77.570022
12.965053,77.566068
12.982678,77.625739
12.988784,77.585559
12.99006,77.579549
12.971043,77.648471
12.979531,77.671948
12.986167,77.59093
12.984265,77.624883
12.975925,77.566187
12.963824,77.589727
13.012977,77.577178
12.997688,77.575284
12.981114,77.579514
12.972996,77.585935
12.985556,77.654293
12.961969,77.617054
13.014321,77.575095
13.022567,77.58134
12.927241,77.577092
12.962479,77.574816
12.988609,77.540798
12.971376,77.585039
12.964925,77.539651
12.931618,77.552648
12.964105,77.567895
12.924356,77.561982
12.981579,77.578405
12.971573,77.646116
12.971998,77.588342
12.987345,77.567235
12.974981,77.570518
12.911855,77.633194
12.930803,77.563315
13.002656,77.552529
12.98148,77.62387
12.970399,77.633303
13.009106,77.590658
12.974869,77.600946
12.994672,77.582284
12.979137,77.595634
12.962808,77.585516
12.954902,77.557827
12.942604,77.586462
13.007649,77.566814
12.978518,77.592623
12.973973,77.571176
12.937924,77.626712
12.989804,77.596853
12.941224,77.593288
13.0131,77.573059
12.934859,77.561519
12.983261,77.621861
12.936247,77.575642
13.00487,77.5826
12.937273,77.551368
12.995885,77.597772
12.951198,77.596656
13.02828,77.585065
12.97614,77.612797
12.969324,77.603048
12.976336,77.562929
12.994573,77.583263
12.952041,77.574314
12.977612,77.658324
12.971626,77.594719
13.023073,77.552131
13.011741,77.542605
12.968414,77.585201
12.977416,77.655546
13.022462,77.562274
13.008329,77.583481
13.017143,77.567352
12.984961,77.555403
12.942639,77.589324
12.988208,77.665013
12.936989,77.591443
12.969996,77.582774
13.006627,77.567152
12.976777,77.551043
12.973002,77.632703
12.972521,77.57815
12.956071,77.640124
12.981504,77.560054
12.99506,77.582397
12.956781,77.605145
12.936459,77.592213
12.911746,77.605107
12.916609,77.560225
12.988996,77.577446
13.020575,77.567452
12.987428,77.613579
12.986803,77.578187
12.961199,77.581996
12.986615,77.56498
12.968871,77.577733
13.005037,77.647468
12.910289,77.576314
13.002629,77.553906
12.985919,77.593079
13.002702,77.577287
12.957413,77.587801
12.974398,77.550771
12.949291,77.550856
13.018848,77.566069
12.942708,77.573738
12.972522,77.551903
12.995635,77.563992
12.989643,77.578808
12.941769,77.564247
12.966787,77.565498
12.942046,77.579245
12.985413,77.561111
12.977649,77.577782
12.930445,77.56912
12.964517,77.56664
12.966022,77.599704
12.988487,77.589478
13.007526,77.575336
12.971102,77.576625
12.965309,77.5679
12.963548,77.642621
13.005102,77.552204
12.92129,77.589781
12.999571,77.580047
12.99158,77.586328
13.012068,77.565395
12.986304,77.601458
12.91226,77.584483
12.916754,77.569339
12.94296,77.58953
12.983841,77.568925
12.993951,77.584067
12.926133,77.565502
13.01237,77.644738
12.980508,77.570579
12.997421,77.557693
12.993634,77.549796
12.919768,77.569473
12.962167,77.568313
12.964987,77.589667
12.971068,77.560414
12.973621,77.650406
12.974543,77.567063
12.976591,77.573088
12.965232,77.586953
12.973457,77.643203
12.912325,77.567182
12.97507,77.635688
13.012721,77.609353
12.933868,77.582
12.984756,77.573657
12.935441,77.579672
12.973606,77.592978
12.992178,77.57579
12.929101,77.577369
12.961572,77.567733
12.956634,77.615732
12.982623,77.583985
12.996992,77.577215
12.951866,77.587608
12.987115,77.561643
12.993945,77.577309
12.958024,77.575636
13.00099,77.58653
12.970401,77.645742
12.925138,77.576441
